SUPPORT,CONFIDENCE
0.5084911185,0.7788907161
0.5084911185,0.733286418
0.1357602967,1
0.1357602967,1
0.1355650986,1
0.1355650986,1
0.1355650986,1
0.1355650986,1
0.1354674995,1
0.1354674995,1
0.1267811829,1
0.1267811829,1
0.1099941441,1
0.1099941441,1
0.1099941441,0.81137509
0.1099941441,0.81137509
